ID,gardian_gender_T1,gardian_age_T1,prefecture_T1,area_T1,married_T1,familyincome_T1,pinincome_T1,job_T1,child_gender_T1,hsc1_T1,hsc2_T1,hsc3_T1,hsc4_T1,hsc5_T1,hsc6_T1,hsc7_T1,hsc8_T1,hsc9_T1,hsc10_T1,hsc11_T1,hsc12_T1,health1_T1,health2_T1,health3_T1,health4_T1,health5_T1,panas1_T1,panas2_T1,panas3_T1,panas4_T1,panas5_T1,panas6_T1,panas7_T1,panas8_T1,panas9_T1,panas10_T1,panas11_T1,panas12_T1,panas13_T1,panas14_T1,panas15_T1,panas16_T1
8339,1,41,8,3,2,3,1,9,1,3,5,3,3,6,6,7,5,5,6,5,3,2,2,2,2,2,1,3,1,3,1,2,4,4,3,3,4,3,3,3,5,2
20006,0,51,36,7,2,3,2,6,1,4,4,4,3,3,3,4,4,4,2,4,3,5,5,5,4,5,3,4,3,3,3,3,3,3,3,3,3,3,3,3,3,3
22660,0,52,15,4,2,4,2,5,0,5,4,5,5,6,7,3,3,4,6,4,4,4,5,5,5,5,2,5,2,5,2,4,3,4,3,4,3,3,2,5,4,3
68936,0,40,7,2,2,4,3,4,0,3,2,4,4,4,4,3,4,4,3,3,5,5,5,5,5,4,2,4,2,3,2,2,2,3,2,2,2,2,2,2,2,2
93869,1,48,16,4,2,10,2,3,0,4,4,4,4,4,4,4,5,5,5,5,5,3,3,3,3,3,4,4,3,4,3,4,4,4,4,4,4,4,3,4,4,4
114169,1,47,13,3,2,5,2,4,0,5,3,4,4,5,5,5,5,3,7,5,3,4,4,4,4,4,2,5,2,5,2,4,3,5,3,4,3,5,3,3,3,4
262211,1,52,11,3,2,5,1,8,0,4,1,4,1,6,4,6,4,4,7,6,5,5,5,5,5,5,1,5,1,3,3,4,3,4,2,3,3,3,3,3,3,3
310689,0,54,14,3,2,.,.,4,1,6,7,4,3,7,4,4,2,5,6,7,7,4,3,2,2,2,1,5,1,1,3,4,4,3,2,6,4,5,1,3,4,2
519697,0,48,3,2,1,3,2,6,0,3,2,4,5,5,4,4,5,3,5,4,5,4,4,3,4,3,2,3,2,3,2,3,3,3,3,3,2,2,2,3,2,2
519813,0,47,13,3,2,4,4,3,0,3,4,3,5,5,4,4,4,4,4,4,4,3,2,3,3,3,5,3,4,4,4,3,4,4,4,4,4,4,4,4,4,4
522602,0,55,32,6,2,2,2,6,1,4,3,5,5,4,3,3,3,5,3,5,5,3,3,3,3,3,3,3,3,3,3,3,3,3,3,3,3,3,3,3,3,3
533919,0,46,13,3,2,8,4,1,0,5,5,5,6,5,6,5,6,3,6,5,6,3,3,4,3,4,3,3,3,3,3,3,5,4,4,4,4,3,3,3,4,3
624192,0,49,11,3,2,4,3,6,0,3,3,6,4,5,5,4,4,4,5,4,4,4,4,4,4,4,2,4,2,3,2,3,3,3,3,3,3,3,3,3,2,2
629601,1,46,24,4,2,3,1,8,0,5,6,6,6,6,6,4,5,3,7,6,5,3,3,4,3,4,3,4,3,3,3,3,4,4,4,4,4,3,4,3,4,3
708188,0,50,13,3,2,6,4,4,1,5,4,5,4,6,5,5,4,5,6,5,3,4,4,4,5,4,2,5,3,4,3,4,3,4,3,4,3,5,3,4,3,5
709391,1,59,44,8,2,7,1,8,1,5,5,6,5,6,5,4,5,2,6,5,4,4,2,4,2,4,4,5,2,3,2,4,4,5,3,4,4,4,2,3,4,3
716580,0,53,27,5,2,3,3,5,0,4,4,4,4,5,4,6,4,4,5,4,3,5,5,4,5,4,1,4,1,4,1,4,2,4,2,4,2,4,2,4,3,3
747704,0,54,27,5,2,3,3,5,1,5,4,6,4,7,5,7,4,3,6,5,6,5,3,3,3,4,2,4,2,3,2,3,4,4,2,4,3,4,2,4,3,3
771624,1,43,44,8,1,2,1,3,0,3,3,4,5,6,5,5,4,4,5,4,4,3,4,3,3,3,3,4,3,3,3,3,3,3,3,3,2,3,3,3,3,2
960937,1,45,7,2,1,1,1,6,0,4,4,4,3,7,6,7,1,4,7,4,1,3,3,3,2,2,1,3,1,3,1,4,3,3,2,1,2,1,1,1,4,1
1126785,1,43,34,6,2,4,1,9,0,5,5,5,6,6,6,7,6,2,7,6,6,4,4,4,2,4,4,4,3,3,4,4,4,3,3,3,3,3,2,2,5,4
1133385,0,50,3,2,2,3,1,9,1,4,4,1,4,4,4,4,4,4,4,4,4,2,2,2,2,2,3,3,3,3,3,3,3,3,4,3,3,3,3,3,4,3
1186526,0,47,28,5,2,3,3,5,0,4,4,4,3,4,4,3,3,6,2,5,5,5,5,4,5,5,3,4,3,4,3,3,3,3,2,5,2,4,2,5,2,2
1301169,1,43,40,8,2,3,10,8,1,5,4,5,5,5,6,7,5,4,6,6,7,2,2,4,2,2,4,4,3,3,3,2,4,4,4,3,5,3,2,3,4,1
1362384,1,52,23,4,2,4,1,9,0,2,4,1,4,4,5,4,4,5,6,5,4,3,4,3,3,3,3,3,3,3,3,2,3,4,3,3,3,3,1,3,3,2
1520098,0,55,13,3,2,8,7,2,0,7,5,4,2,5,2,3,1,4,7,6,5,4,4,2,3,2,3,4,1,4,4,3,5,5,2,4,4,4,1,3,4,1
1601623,1,46,27,5,1,1,1,9,1,4,4,4,4,4,5,3,4,3,3,4,4,3,3,3,3,4,1,4,2,5,3,4,4,3,2,3,3,5,2,4,3,4
1636546,1,42,1,1,2,2,1,8,0,4,5,4,4,3,4,5,4,4,6,5,6,3,3,3,2,3,4,4,3,3,3,3,4,3,3,3,3,3,3,3,3,3
1648311,0,45,13,3,2,4,4,3,1,5,6,1,1,6,5,7,5,5,6,7,4,5,5,5,5,4,1,4,1,4,1,2,4,3,1,3,1,4,1,4,1,1
1661421,0,48,13,3,2,3,3,5,1,5,6,6,4,5,6,7,7,4,7,5,5,4,4,4,4,3,1,3,1,3,2,3,4,3,4,3,3,3,3,3,5,1
1673170,1,47,16,4,2,3,1,9,0,4,4,4,4,4,4,6,4,4,4,5,4,5,5,5,5,5,3,4,3,3,3,3,3,3,3,3,3,4,3,3,3,3
1682549,0,55,23,4,2,4,1,6,1,5,3,5,3,6,5,6,4,5,6,5,5,3,2,4,3,1,3,4,2,5,3,3,4,5,2,3,5,2,2,2,3,1
1741835,0,59,47,8,2,2,2,5,1,5,4,5,4,4,4,5,4,3,4,4,4,4,4,4,5,4,3,5,3,3,3,3,3,3,3,4,2,4,4,3,3,3
1758640,1,48,1,1,1,2,1,9,1,5,3,6,5,7,6,2,3,5,6,3,5,2,2,2,1,4,4,3,4,5,2,4,3,2,2,3,2,2,2,1,5,5
1803742,0,41,16,4,2,3,3,4,0,4,4,4,4,4,4,5,4,4,4,5,4,5,5,5,5,5,3,4,3,3,3,3,3,3,3,3,3,4,3,3,3,3
1844215,1,42,15,4,2,5,1,8,1,4,4,3,4,4,4,4,4,4,4,3,4,4,4,4,4,4,3,3,3,3,3,3,3,3,3,3,3,4,3,3,3,3
1855168,0,55,14,3,2,3,3,4,0,4,5,5,5,4,5,5,5,5,4,4,5,5,4,4,5,5,3,4,4,3,3,3,3,4,3,3,3,3,3,3,3,3
1883489,1,43,23,4,2,3,1,9,1,5,1,7,1,7,1,5,1,1,7,4,1,5,5,4,5,5,1,5,1,3,1,1,1,4,1,4,1,4,1,1,1,3
1994187,0,40,26,5,2,1,1,3,0,4,3,4,4,3,3,4,3,3,3,3,4,3,3,3,4,3,3,3,3,3,2,2,2,3,5,3,3,3,3,2,2,2
1995829,1,43,40,8,2,.,.,8,1,4,3,6,5,5,5,6,4,4,6,5,5,4,4,2,3,2,2,3,3,3,3,3,4,3,3,3,3,4,3,3,4,3
2005277,0,49,12,3,2,4,4,3,0,4,5,1,4,5,4,6,4,4,7,6,5,4,4,5,6,5,2,4,1,4,3,2,3,3,3,3,3,3,2,3,3,3
2112942,1,38,4,2,2,4,1,8,1,5,4,4,3,6,6,7,6,6,5,5,4,2,3,3,2,3,2,2,2,4,4,3,4,4,4,3,4,3,3,3,4,3
2311715,1,48,11,3,2,2,1,9,1,5,5,5,5,5,6,6,6,5,5,4,4,2,2,2,3,2,1,3,2,1,3,3,3,3,3,3,3,3,3,2,3,2
2445232,0,45,11,3,2,4,4,3,1,4,5,3,3,4,4,3,4,4,4,4,4,2,2,3,3,3,4,3,4,3,3,4,3,4,2,3,3,4,4,3,3,3
2583479,1,43,22,4,1,2,1,9,1,2,2,6,3,5,5,4,6,6,5,6,6,5,5,4,3,2,3,3,4,4,2,4,3,4,3,3,3,4,2,4,3,4
2589676,1,45,40,8,2,4,1,8,1,3,5,7,7,7,7,7,6,6,7,6,7,2,2,2,2,3,4,2,4,3,4,2,4,3,5,3,5,4,3,3,5,2
2612759,1,40,1,1,2,2,1,8,1,3,4,7,5,6,5,2,3,4,6,2,5,4,4,3,3,4,2,3,1,3,2,2,3,3,2,2,2,4,2,2,3,2
2769295,0,46,11,3,2,5,5,3,0,4,6,4,4,4,5,3,5,5,6,6,4,3,3,2,2,2,3,2,1,3,2,2,3,2,2,4,2,3,3,3,4,3
2816764,0,46,21,4,2,5,4,5,0,3,3,4,5,2,5,5,5,5,6,5,5,2,2,3,2,2,3,3,3,3,4,4,4,3,4,3,5,3,2,2,3,2
3002754,0,56,29,5,2,4,4,4,0,5,2,6,4,3,5,4,5,3,6,5,4,5,4,4,4,3,2,4,1,4,3,3,4,3,2,5,3,3,3,3,5,1
3017386,1,51,13,3,2,6,1,8,1,5,7,3,5,7,5,7,4,3,7,7,4,4,3,4,5,6,1,4,1,4,3,4,5,6,3,4,3,5,4,3,3,4
3022632,0,45,35,6,2,3,3,5,1,3,4,5,5,6,5,6,4,4,6,5,6,2,2,3,3,1,4,3,4,3,4,2,5,4,4,2,4,3,3,3,4,2
3034718,1,48,23,4,2,4,1,9,1,2,6,5,7,4,7,7,7,6,7,7,7,2,1,2,2,1,6,2,6,1,6,1,6,1,5,1,5,1,6,1,6,1
3035188,0,47,34,6,2,5,4,3,0,4,5,3,5,5,5,3,4,4,6,5,5,2,2,2,2,2,4,3,4,3,3,3,4,3,4,2,4,2,2,3,3,2
3040290,1,42,1,1,2,4,1,8,1,4,5,6,5,7,6,7,6,4,7,1,5,3,4,4,3,2,1,5,1,1,1,3,3,3,4,4,4,2,1,3,4,2
3065929,0,49,13,3,2,5,5,2,1,4,4,3,4,2,4,4,4,4,3,4,4,4,4,5,4,4,1,4,1,3,1,3,3,3,3,3,3,4,3,3,3,3
3066319,0,52,27,5,2,3,3,3,0,7,5,1,3,7,5,6,6,3,6,6,2,2,3,4,1,4,1,4,1,4,2,5,4,2,2,5,2,4,1,3,5,3
3078324,1,47,1,1,2,3,1,9,1,5,4,5,5,6,5,6,4,4,5,4,2,3,3,4,2,3,3,4,2,4,3,5,3,5,3,4,5,3,2,3,4,2
3081699,0,56,13,3,2,5,5,4,1,4,2,5,3,4,3,4,2,4,6,4,4,5,5,5,4,4,2,4,2,4,2,3,3,4,2,4,3,4,2,3,2,3
3083934,0,57,27,5,2,3,3,4,1,3,2,6,2,3,3,5,4,4,6,2,6,4,4,3,2,2,2,5,2,4,3,5,3,4,2,4,2,4,2,3,2,3
3091672,1,39,22,4,2,4,1,8,0,4,4,3,5,4,4,6,6,3,3,4,5,4,5,4,4,4,2,3,1,3,3,5,4,5,3,3,3,4,1,3,3,3
3096822,1,47,11,3,2,5,1,9,0,5,7,4,4,5,6,5,4,4,5,7,4,3,3,3,5,2,1,3,1,3,3,2,2,3,1,3,4,1,1,2,3,1
3096874,1,38,28,5,1,2,2,3,1,4,6,5,5,4,4,7,6,7,4,7,7,4,4,4,4,2,2,1,1,2,2,2,4,5,5,3,4,2,3,3,5,1
3098331,1,42,13,3,2,4,1,9,0,4,4,4,3,4,3,3,4,4,5,5,3,2,2,2,2,3,3,2,3,3,3,3,3,3,3,3,4,3,3,3,4,3
3155109,1,45,28,5,2,7,3,5,1,4,6,7,3,7,5,6,3,3,7,6,4,4,4,3,4,4,2,5,2,4,1,3,3,4,3,4,2,5,1,3,3,2
3164083,0,56,25,5,2,.,.,2,0,6,4,4,5,6,3,5,4,3,7,4,3,3,4,3,5,4,1,5,2,4,3,4,5,6,3,4,4,4,1,3,4,4
3191270,1,45,13,3,2,7,1,9,1,7,5,6,1,6,4,3,3,3,7,4,4,5,5,5,6,4,1,5,1,2,1,3,2,4,1,1,1,5,1,1,1,1
3195901,1,50,37,7,2,10,10,8,0,2,2,5,2,3,2,3,4,2,6,6,3,4,2,5,4,4,1,5,1,4,1,3,4,3,2,5,3,3,1,1,2,3
3196663,1,41,17,4,2,.,.,5,1,4,2,4,3,6,4,7,4,3,6,4,4,4,3,4,3,2,2,4,2,3,1,2,3,3,3,3,2,4,1,1,3,2
3202871,1,47,27,5,2,3,1,8,0,4,4,4,4,4,4,4,4,4,4,4,4,2,2,2,2,2,3,3,3,3,3,3,3,3,3,3,3,3,3,3,3,3
3208558,0,49,43,8,2,4,4,5,1,4,2,3,4,5,3,4,3,5,5,5,6,3,4,3,4,3,3,3,3,3,3,2,4,3,3,3,3,3,3,3,4,3
3211232,0,49,10,3,2,4,4,4,1,6,4,6,4,7,3,6,4,3,7,5,3,2,3,5,2,4,2,4,3,3,3,4,4,5,4,3,4,3,3,3,3,4
3220358,1,49,35,6,2,2,10,6,1,4,6,6,6,6,4,4,4,4,6,4,5,2,2,2,2,2,4,4,4,4,4,4,4,4,3,3,3,3,3,3,3,3
3224669,0,55,28,5,2,4,4,3,1,5,4,5,5,4,4,7,4,3,5,5,4,2,3,4,3,3,3,4,3,4,3,3,3,4,3,3,3,4,2,3,3,3
3239872,0,59,28,5,2,4,3,4,0,4,3,4,5,5,6,4,5,4,6,6,6,2,2,3,3,4,2,3,3,3,2,3,4,3,5,3,4,3,4,3,4,3
3261054,0,44,23,4,2,4,4,4,1,6,4,4,4,4,4,4,4,5,4,4,4,2,3,2,2,2,3,3,1,4,3,3,3,3,4,4,4,4,4,4,4,4
3282714,1,43,22,4,2,3,1,9,0,4,5,5,5,5,5,5,5,5,6,6,5,3,3,3,3,3,3,3,3,3,3,3,4,4,3,4,5,3,2,3,3,2
3321436,1,54,13,3,2,10,1,9,1,5,2,3,7,6,7,4,4,6,7,4,7,1,1,1,1,1,5,1,4,1,6,2,4,1,6,3,3,1,6,3,5,1
3337863,1,44,46,8,2,3,1,9,1,4,3,4,3,4,4,4,3,3,3,4,2,3,3,3,3,3,4,3,4,2,4,3,4,2,4,2,4,2,5,2,4,2
3370423,0,54,13,3,2,3,3,5,0,4,4,4,4,4,4,4,4,4,4,4,4,2,3,2,2,2,2,3,2,2,2,3,2,3,2,2,2,3,2,2,2,2
3379953,0,49,35,6,2,4,4,1,0,4,4,3,3,3,2,4,3,4,2,6,7,2,2,2,4,4,2,4,2,3,2,4,5,5,6,5,4,1,2,3,4,3
3391252,1,42,31,6,2,4,1,8,0,4,4,4,4,3,4,4,4,4,3,4,4,3,3,3,3,4,3,3,3,3,3,3,4,3,3,3,3,4,3,3,3,3
3398581,0,51,22,4,2,5,2,5,0,3,3,4,5,6,5,5,4,3,5,3,3,3,4,3,4,3,1,4,1,4,1,4,3,4,1,4,3,4,3,3,3,3
3398815,0,48,26,5,2,6,4,4,0,4,4,4,3,4,5,5,4,3,3,4,4,3,3,3,3,3,4,4,4,3,3,4,4,4,3,4,3,5,3,3,4,3
3398858,1,43,43,8,2,3,3,7,0,6,5,3,3,5,5,5,5,5,5,5,5,4,4,4,4,4,1,5,1,4,1,4,3,2,2,1,1,1,2,2,4,2
3399446,0,50,12,3,2,4,4,6,1,4,3,4,4,4,4,3,3,4,4,3,5,4,4,4,5,4,3,3,3,3,3,3,3,3,3,3,3,4,3,3,3,3
3400719,0,44,11,3,2,.,.,4,1,4,4,3,4,3,3,4,4,4,3,4,4,1,1,1,1,1,3,4,3,3,3,3,3,4,4,3,3,3,3,3,3,3
3420350,1,37,14,3,2,3,1,8,1,2,6,7,1,7,7,5,5,7,7,3,7,2,5,4,3,3,5,3,3,2,3,3,5,3,4,5,6,2,3,2,6,2
3424291,0,45,21,4,2,5,3,4,1,5,7,5,5,5,7,4,5,6,7,7,5,1,2,2,2,3,3,2,5,2,3,2,5,3,6,2,5,2,3,4,5,3
3438953,1,50,27,5,2,3,1,9,1,4,4,2,3,2,2,2,3,3,2,3,3,4,4,4,4,4,3,4,3,4,3,3,4,4,4,3,4,4,3,3,4,4
3447734,0,47,27,5,2,2,2,11,0,4,5,4,3,2,3,5,3,3,3,3,3,4,3,3,3,4,2,4,2,3,2,2,2,3,2,2,2,2,2,2,2,2
3452676,1,43,23,4,2,2,1,9,0,5,5,3,5,7,6,3,4,6,6,6,4,3,3,3,3,3,3,4,3,4,3,4,3,3,3,3,3,3,3,3,3,3
3454705,0,51,40,8,2,10,10,5,1,6,1,6,1,7,1,6,1,5,7,2,1,6,6,6,6,6,1,5,1,4,1,4,1,3,1,4,1,4,1,4,1,3
3454728,0,54,1,1,2,5,4,3,0,3,3,2,5,1,3,5,5,5,2,2,2,1,2,2,2,2,5,2,5,3,4,3,5,5,4,3,3,1,2,2,4,2
3454926,0,41,24,4,2,5,4,5,1,2,5,6,7,6,4,6,4,6,7,3,4,2,5,4,5,2,1,4,2,3,1,3,2,2,2,2,2,3,2,2,1,1
3472636,0,54,47,8,2,2,2,4,0,5,5,4,5,5,4,5,4,4,5,4,4,4,4,4,3,3,2,4,2,4,2,4,3,4,3,4,3,3,3,3,3,3
3482443,0,41,27,5,2,3,3,4,0,3,3,4,4,4,4,3,3,3,4,4,4,3,4,4,4,4,1,2,2,1,2,2,2,2,2,2,5,2,2,2,2,2
3492527,1,38,14,3,2,5,1,8,1,6,5,4,5,5,6,7,5,5,7,6,7,6,5,5,5,5,1,4,1,4,1,1,3,4,2,2,1,5,2,2,1,1
3500828,1,46,27,5,2,3,1,9,1,4,5,3,6,6,6,6,5,4,5,4,6,3,3,3,3,3,4,5,4,3,4,4,4,4,4,4,4,4,4,4,4,4
3502747,1,41,5,2,1,2,2,3,1,6,6,6,6,7,6,4,4,4,6,6,6,3,5,6,3,3,4,4,2,5,2,3,5,5,5,3,5,4,3,3,4,3
3512784,1,43,24,4,2,3,1,9,0,5,5,4,3,3,5,5,5,5,6,5,5,4,4,4,5,4,1,5,2,3,2,3,5,4,3,4,4,4,2,3,4,2
3534049,1,46,23,4,2,4,1,9,0,5,7,7,4,5,7,7,7,7,7,7,5,3,3,3,3,2,1,4,1,3,1,3,5,3,1,5,2,2,1,1,3,1
3545014,1,45,32,6,2,3,2,1,1,3,3,7,4,7,6,4,4,3,7,3,3,6,5,4,5,5,1,5,1,4,1,3,3,4,2,3,3,5,1,2,3,2
3548686,1,45,35,6,1,2,2,3,1,5,5,7,6,7,6,7,2,2,7,4,1,5,5,5,2,5,2,4,2,4,2,5,3,4,3,4,4,5,3,4,4,5
3560267,0,42,27,5,2,2,2,6,1,5,5,3,4,6,4,6,4,6,6,3,4,3,3,4,4,5,3,5,2,4,2,4,3,5,3,5,3,5,3,4,2,4
3561566,1,47,11,3,2,4,1,8,1,7,7,7,7,7,7,7,7,4,7,7,7,3,2,2,1,6,1,4,1,3,2,3,5,5,5,3,3,2,5,4,6,3
3572272,0,48,16,4,2,4,3,3,1,5,6,6,5,4,4,5,6,4,5,4,4,5,4,5,3,4,3,5,3,4,3,4,3,5,3,4,3,5,3,4,3,4
3592972,0,51,12,3,2,5,4,4,1,6,7,6,6,7,4,3,6,5,7,7,6,5,5,5,4,5,3,5,4,5,4,5,6,5,4,4,4,5,4,5,4,4
3614188,1,45,37,7,2,2,1,8,0,3,5,5,5,5,5,5,5,5,7,7,4,4,4,4,3,3,2,3,1,2,2,2,2,2,2,2,2,3,3,3,4,1
3650817,0,45,26,5,2,3,3,3,1,3,3,3,2,3,4,3,4,4,4,4,4,5,5,3,5,5,3,5,3,3,3,3,3,3,3,3,3,4,3,3,3,3
3690215,0,47,23,4,2,4,4,4,1,5,6,5,5,4,6,5,5,3,6,6,2,5,5,5,5,5,4,4,2,4,2,5,2,4,4,5,5,4,2,2,4,2
3711053,1,38,25,5,2,2,1,6,0,4,1,7,1,6,4,4,3,3,6,3,1,5,5,6,6,6,1,6,1,5,1,4,3,6,2,5,3,5,3,1,2,1
3712201,0,54,38,7,2,5,3,4,0,5,6,7,3,7,4,6,4,6,7,7,6,5,5,4,5,4,2,5,1,5,2,4,2,5,3,4,2,4,2,4,2,3
3718351,1,52,14,3,2,.,.,8,0,5,2,5,4,5,4,6,4,3,7,5,3,5,5,5,5,5,1,4,1,3,1,2,4,3,2,3,1,3,1,3,2,1
3719224,0,43,22,4,2,3,3,4,0,4,4,4,4,4,4,4,4,4,4,4,4,4,4,4,4,3,3,4,2,4,2,2,4,4,4,4,4,4,4,4,4,4
3796639,0,44,23,4,2,3,3,4,1,4,6,6,5,6,6,6,5,5,6,6,5,4,4,3,3,4,2,4,2,3,3,2,3,3,2,4,3,4,1,3,3,3
3798433,1,44,1,1,2,.,1,9,0,3,5,3,4,4,3,5,4,4,5,6,4,4,4,3,4,3,2,3,3,2,2,3,4,4,4,3,4,3,3,3,3,3
3809254,1,46,12,3,2,4,1,8,1,4,4,7,4,7,4,3,4,4,7,4,3,6,5,5,5,5,1,5,1,5,1,4,3,5,2,4,3,6,1,5,1,4
3813007,1,36,23,4,2,3,1,3,1,4,4,6,4,4,4,4,4,4,5,3,4,3,3,3,3,3,1,3,3,3,3,3,3,3,3,3,3,3,3,3,3,3
3858672,0,57,19,4,2,3,3,4,1,4,4,4,4,4,4,6,5,4,4,4,5,4,4,4,4,3,2,4,3,3,3,3,3,3,4,4,4,3,3,3,3,3
3891084,0,49,14,3,2,.,.,4,0,5,6,3,5,5,6,3,5,3,6,5,4,4,3,4,3,4,1,5,2,6,1,6,1,4,2,5,5,4,1,2,5,4
3898816,0,58,15,4,2,2,2,3,0,4,3,4,4,3,4,4,4,4,4,4,4,3,3,2,3,4,3,3,3,4,3,3,3,3,4,4,4,3,4,4,4,4
3898913,0,50,27,5,2,5,4,2,1,5,6,6,5,7,6,6,6,3,7,6,6,3,3,4,4,4,4,3,4,3,3,4,4,3,4,2,4,3,3,3,3,2
3916219,1,39,31,6,2,2,.,3,1,5,5,7,5,7,6,4,5,6,7,6,5,4,4,4,4,4,4,3,3,3,3,3,3,3,3,3,3,3,2,3,4,2
3928892,1,47,43,8,1,2,1,5,1,6,4,5,5,5,5,6,5,4,5,7,6,4,4,4,2,3,2,4,2,3,2,3,3,4,3,3,3,3,2,3,3,2
3930348,1,47,14,3,2,6,1,8,0,3,6,4,5,4,5,3,4,4,3,4,4,5,5,5,5,4,1,4,1,3,2,2,2,2,2,2,2,4,2,2,2,3
3944641,1,45,14,3,2,4,1,8,0,7,7,5,6,6,6,6,6,7,7,7,7,5,5,5,6,4,2,4,2,3,3,2,4,2,2,3,2,4,3,3,2,1
3975010,0,44,12,3,2,3,3,5,0,4,4,6,4,6,6,2,6,2,2,7,4,2,2,2,5,5,2,2,2,2,2,2,2,2,2,2,2,2,2,2,2,2
3978001,1,46,1,1,2,4,1,9,1,3,4,4,3,4,3,2,3,3,4,2,4,2,2,2,2,2,5,3,4,3,3,4,5,4,5,3,3,2,3,3,5,3
4010710,0,50,35,6,2,4,2,5,0,5,6,1,2,2,3,2,6,4,6,6,3,4,5,2,3,4,2,3,1,3,3,3,2,4,4,5,2,4,2,3,2,4
4020147,0,52,3,2,2,3,3,5,0,4,5,3,4,6,5,4,4,2,4,4,5,4,4,4,5,4,2,3,1,3,1,3,3,3,4,3,4,3,2,3,4,3
4025718,0,53,34,6,2,4,3,4,0,4,5,5,5,5,5,5,5,5,5,4,5,2,2,2,2,3,4,3,3,3,3,3,3,3,3,3,3,3,3,4,3,3
4031027,0,53,40,8,2,3,3,4,1,3,4,6,3,4,5,4,5,4,5,4,4,3,3,4,4,3,2,4,2,3,2,3,3,4,4,3,3,2,2,2,3,2
4041084,1,52,1,1,2,3,10,8,1,5,6,3,4,4,3,5,4,5,6,6,5,4,4,3,2,2,1,4,1,3,3,3,4,3,2,4,4,4,2,2,4,2
4065048,0,51,15,4,2,2,2,5,0,5,5,4,4,6,4,3,4,3,5,3,5,2,3,4,3,4,3,4,3,3,3,4,4,4,4,3,4,4,3,3,3,4
4069532,0,53,1,1,2,5,4,6,1,4,4,4,4,3,4,3,4,4,3,4,4,4,3,2,5,3,1,4,1,1,1,3,3,4,1,3,1,3,1,1,1,2
4072997,1,42,27,5,2,10,10,8,1,6,2,6,4,6,4,7,5,4,7,5,4,3,3,3,3,3,3,5,3,3,3,5,4,5,3,5,2,3,3,4,4,3
4076037,0,43,28,5,2,4,4,5,1,2,2,4,4,7,4,6,4,4,6,4,3,4,4,4,4,4,1,4,1,4,2,2,2,4,3,4,3,3,1,2,3,3
4094032,1,45,14,3,2,10,10,8,0,6,4,6,4,6,4,7,4,4,7,6,3,4,4,4,4,5,1,5,1,4,1,4,2,4,2,4,2,5,1,4,2,4
4118119,1,54,13,3,2,4,1,8,1,5,4,5,4,6,5,6,4,4,6,4,5,5,4,4,5,3,2,4,2,4,2,4,4,4,3,4,4,4,3,4,3,3
4132691,0,42,41,8,2,4,3,5,0,3,5,5,6,5,6,6,5,5,6,4,4,1,2,3,2,2,5,3,5,2,4,2,5,2,5,2,6,2,4,2,5,1
4152490,0,47,27,5,2,5,5,3,1,4,4,4,4,7,7,4,5,4,6,4,6,3,2,2,3,3,1,3,1,3,3,3,4,4,3,3,4,3,3,3,5,2
4152507,1,38,40,8,2,2,1,8,0,5,5,4,3,3,3,3,4,5,5,4,4,2,3,4,4,3,2,5,2,2,2,3,2,4,4,3,3,3,3,3,3,2
4161030,0,50,13,3,2,5,5,4,1,5,4,5,3,6,4,4,4,3,6,4,4,5,4,4,4,4,3,4,3,3,3,4,3,4,3,4,4,4,3,4,3,4
4170425,1,44,28,5,2,.,.,8,0,5,5,4,5,6,5,5,6,6,7,6,6,4,3,3,1,3,2,4,2,3,3,4,5,5,5,3,2,4,3,3,2,3
4173163,1,40,13,3,2,5,1,8,0,2,5,4,5,4,4,3,4,5,5,5,5,4,4,4,3,3,3,4,3,3,3,3,4,3,4,3,3,4,3,3,4,3
4177693,0,46,13,3,2,5,5,1,1,5,3,5,3,5,3,6,4,3,7,5,5,4,4,4,5,5,2,5,2,5,2,4,2,4,2,5,2,5,2,4,2,3
4181047,1,44,23,4,2,3,1,9,0,6,4,3,3,6,4,5,4,4,6,4,4,4,4,4,4,4,3,3,3,3,3,3,3,3,3,3,3,3,3,3,3,2
4187437,0,53,23,4,2,3,3,1,0,4,5,5,5,3,5,6,5,4,6,6,4,4,4,4,3,2,3,3,3,4,3,3,4,4,4,4,3,4,3,3,4,3
4187544,0,50,13,3,2,7,7,4,0,5,2,7,4,5,4,4,3,3,7,4,4,3,3,3,3,3,2,4,2,3,5,3,5,3,5,2,2,3,4,3,2,2
4197692,1,42,46,8,2,.,.,3,0,2,2,4,1,5,5,3,5,6,6,5,7,1,2,2,5,2,2,2,2,2,2,3,2,3,5,2,3,2,1,3,3,1
6234491,1,41,11,3,2,3,1,9,1,5,6,5,2,7,7,7,7,3,7,3,7,2,2,5,2,3,4,5,3,5,2,5,5,4,5,4,6,4,6,4,6,4
6239668,0,46,38,7,2,2,2,6,1,5,6,6,5,4,6,6,5,4,7,6,5,2,2,2,4,4,3,2,3,2,3,2,5,3,3,3,2,3,2,2,4,1
6248726,0,48,26,5,2,.,.,6,1,4,4,5,5,7,4,4,4,3,6,4,4,6,6,4,6,4,3,4,2,3,3,3,4,3,3,3,3,4,3,3,3,3
6249988,1,44,13,3,2,.,.,8,1,3,2,5,7,7,7,1,7,5,5,5,6,5,2,2,4,3,4,3,4,3,4,2,5,2,2,2,4,3,1,2,4,1
6257418,0,48,10,3,2,3,3,1,1,4,5,4,4,4,4,5,4,4,4,4,4,2,2,2,2,2,3,3,3,3,3,3,4,3,3,3,3,3,3,3,5,3
6261143,1,46,6,2,2,.,.,3,0,5,5,3,4,6,5,5,5,5,6,4,4,5,5,5,5,6,3,5,3,4,3,4,3,4,3,4,3,5,3,3,3,4
6270003,1,46,27,5,2,3,1,9,0,4,5,4,6,3,4,2,4,4,3,5,4,3,3,3,3,3,2,4,1,1,1,1,1,1,1,1,1,1,1,1,4,3
6323932,0,47,14,3,2,6,4,4,0,3,3,4,2,6,7,5,7,4,7,5,4,3,3,3,4,4,2,2,3,3,3,3,4,3,4,3,5,4,2,2,3,1
6331223,0,46,14,3,2,4,4,4,0,4,4,4,4,4,4,4,4,4,4,4,4,3,4,3,3,3,3,3,3,3,4,3,3,3,3,3,3,3,3,3,3,3
6344916,1,42,12,3,2,.,.,8,1,4,2,5,6,6,6,6,6,6,7,4,6,4,4,4,4,4,3,4,3,4,3,3,3,4,3,4,4,4,4,4,4,4
6404992,1,44,44,8,2,2,1,8,0,3,7,4,7,4,7,4,7,7,7,7,7,2,3,2,2,3,4,2,5,3,4,1,6,2,6,3,5,2,3,4,5,3
6414775,0,44,27,5,2,.,.,5,0,4,3,5,3,6,4,6,4,3,7,2,4,6,6,6,5,5,2,5,2,4,2,3,3,4,3,5,1,6,2,3,2,3
6474046,0,47,36,7,2,2,2,11,1,6,5,5,4,5,4,4,3,3,6,6,5,4,3,2,3,2,1,4,1,3,2,3,4,4,5,3,4,2,3,2,5,2
6500403,1,46,26,5,2,4,1,9,0,4,4,5,5,5,6,2,3,4,6,2,6,4,4,3,3,3,2,4,1,3,3,3,3,3,3,5,3,5,3,3,4,4
6514356,1,48,28,5,2,2,1,8,1,4,5,5,5,5,5,6,4,4,7,5,7,3,3,4,4,2,3,4,3,2,3,3,4,4,4,3,3,4,2,3,3,3
6514559,0,44,1,1,2,2,2,5,1,5,3,6,4,5,5,5,4,3,6,6,5,4,3,4,3,3,2,4,2,3,3,3,3,3,4,3,5,4,4,3,4,3
6528096,0,48,40,8,2,3,3,1,0,5,4,5,3,6,4,6,4,4,7,3,4,4,4,4,4,3,3,5,3,5,3,4,3,4,4,3,5,4,3,4,4,4
6529886,0,53,13,3,2,4,4,3,1,5,5,7,6,7,5,7,4,4,7,7,6,5,5,3,5,4,3,4,3,3,3,3,4,3,3,4,3,3,3,3,3,3
6594237,0,45,1,1,2,3,2,5,1,4,2,1,2,3,2,5,3,4,1,2,1,2,2,2,2,2,2,3,2,3,3,3,3,3,3,3,3,3,3,3,3,3
6664433,1,41,20,4,2,3,1,9,1,6,3,5,3,6,7,4,3,5,7,7,6,3,2,2,2,2,5,2,4,2,4,4,3,3,5,3,5,3,5,2,5,2
6666715,0,47,12,3,2,3,3,5,0,4,4,4,4,5,3,4,3,4,5,4,5,4,3,4,4,3,2,4,2,3,2,2,4,4,3,3,3,3,3,3,3,3
6681468,1,45,40,8,2,.,.,6,1,4,4,6,4,7,5,3,4,3,7,4,3,2,2,5,4,2,2,4,2,4,3,3,4,5,4,4,4,3,2,4,4,3
6718295,0,52,38,7,2,3,3,4,1,5,6,5,5,5,6,5,6,5,7,7,5,3,3,3,3,3,2,2,2,2,2,2,3,3,3,3,3,3,3,3,3,3
6720856,0,52,13,3,2,6,6,3,1,5,6,6,4,6,5,6,5,5,7,6,5,3,3,4,3,3,3,4,3,3,3,4,5,4,4,4,4,3,3,3,4,3
6727158,0,51,12,3,2,3,3,6,0,5,4,5,4,5,5,6,5,4,6,4,4,4,5,4,4,3,1,4,2,3,3,2,4,3,3,3,2,4,3,2,2,2
6728848,0,52,26,5,2,4,4,1,1,4,4,4,5,4,5,5,5,4,6,6,5,3,3,3,3,3,2,4,2,2,2,2,3,3,3,3,3,4,3,3,4,3
6816623,0,50,13,3,2,5,4,3,1,5,5,5,5,5,6,5,5,6,5,2,4,5,5,5,2,5,1,5,2,5,2,5,5,4,2,2,2,4,2,2,5,4
6820894,0,37,34,6,2,3,3,5,1,4,3,4,5,5,5,5,4,4,5,4,5,4,3,3,3,3,2,3,3,3,3,3,4,3,4,4,3,3,3,3,4,4
6824515,1,48,35,6,1,5,5,5,0,4,4,6,3,3,3,4,4,4,4,5,4,2,2,5,3,3,3,3,3,3,3,3,3,4,4,3,3,3,3,3,3,3
6918296,1,47,40,8,2,5,1,9,0,3,3,4,5,6,5,4,4,4,6,4,4,2,1,4,1,1,2,4,2,4,3,3,4,4,3,3,4,2,3,3,4,2
6932075,0,52,39,7,1,3,2,1,0,3,2,4,2,6,4,6,4,5,7,4,4,4,4,4,3,1,1,4,1,4,1,4,4,4,2,3,2,4,2,3,3,2
6936080,0,59,26,5,2,1,1,12,1,5,5,4,3,5,6,6,6,5,6,6,6,3,3,3,4,3,2,5,2,5,2,5,3,4,2,4,3,5,2,5,2,3
7010226,1,46,26,5,1,1,1,9,0,3,3,4,3,2,4,4,4,3,7,4,4,3,3,3,3,3,1,4,1,1,1,4,1,4,4,1,1,4,1,1,4,1
7019504,1,58,29,5,2,3,1,12,0,2,4,4,4,4,4,4,4,3,7,4,4,4,5,5,5,5,2,4,3,3,3,3,3,4,2,4,2,3,1,3,3,3
7103724,0,44,40,8,2,3,1,12,1,3,5,5,6,6,6,5,6,4,7,6,6,3,2,4,4,2,4,3,3,4,4,2,4,5,4,3,3,3,3,2,4,3
7143549,0,57,43,8,2,4,1,6,1,5,7,6,4,6,4,5,4,2,7,7,4,3,3,3,3,4,3,4,2,3,3,4,3,5,4,2,3,5,3,2,4,3
7169275,0,34,38,7,2,2,2,5,1,4,7,7,7,6,7,7,7,6,7,6,4,6,6,3,6,2,1,4,4,4,3,3,1,4,1,4,3,3,1,4,1,2
7187858,0,42,1,1,2,3,3,5,0,5,3,3,5,3,5,5,5,3,2,3,3,4,3,3,3,4,3,4,3,4,3,3,4,4,3,3,4,4,3,4,3,3
7246000,1,43,13,3,2,.,.,8,0,3,4,6,5,7,5,4,4,4,6,4,4,3,4,3,4,3,3,3,3,3,3,3,3,4,3,3,3,4,3,3,3,3
7257624,0,49,27,5,2,5,4,3,0,5,4,5,4,4,4,4,4,4,5,5,4,4,5,4,4,4,2,5,3,4,2,5,3,4,3,5,2,5,2,5,2,5
7267732,1,49,27,5,2,5,1,9,0,3,3,5,3,5,4,3,3,3,5,3,5,4,4,4,4,4,2,5,2,3,3,3,3,4,2,4,3,5,2,2,2,5
7278930,1,46,5,2,2,4,1,9,0,4,7,5,6,5,5,5,5,5,6,6,6,3,3,3,2,3,4,4,3,3,3,3,4,3,4,3,5,3,3,3,4,3
7290793,0,49,46,8,2,3,2,4,1,4,5,7,6,7,6,6,5,4,6,6,4,3,4,4,4,4,2,4,3,3,3,2,3,4,3,3,3,4,4,3,3,4
7295975,1,42,12,3,2,.,.,8,0,3,1,5,5,6,4,4,3,2,7,3,6,4,6,4,4,2,4,5,1,2,1,2,4,4,4,2,3,4,2,1,4,4
7303803,0,46,13,3,2,4,3,3,1,4,1,5,1,5,2,4,4,4,6,4,4,4,4,4,5,4,2,5,2,4,1,4,2,4,1,4,3,4,3,4,2,4
7317247,1,45,12,3,2,6,1,9,0,5,5,3,4,1,3,5,3,5,7,5,5,3,3,3,4,4,1,4,1,3,2,2,2,3,1,4,1,3,1,2,2,2
7324015,1,45,14,3,2,4,2,3,0,6,4,4,1,4,5,6,4,4,6,6,6,5,5,2,6,4,1,1,1,1,1,1,5,5,2,2,2,2,5,2,2,2
7340604,0,50,23,4,2,5,5,3,1,6,4,5,4,5,5,6,6,4,6,4,4,3,3,4,4,3,2,4,2,3,3,3,3,3,3,3,3,3,2,3,2,2
7356712,1,47,11,3,2,3,1,8,1,7,6,6,5,7,5,5,6,5,7,5,6,6,6,5,3,4,1,5,1,5,1,3,4,4,4,5,3,6,2,5,2,3
7419201,1,44,20,4,2,4,1,9,0,4,1,5,3,7,5,7,5,3,7,2,5,6,6,6,6,6,2,6,2,5,1,5,2,5,2,5,1,6,1,4,1,4
7429983,1,46,11,3,2,2,1,9,0,4,4,6,5,7,6,4,5,4,6,3,6,2,2,2,2,2,3,4,3,3,2,3,4,4,4,3,5,4,3,3,5,3
7431914,1,47,27,5,2,4,1,9,0,6,5,6,3,7,2,4,2,2,7,4,2,3,3,5,4,4,1,4,1,3,2,4,4,5,5,5,3,4,2,5,3,3
7438063,1,40,46,8,2,3,1,9,1,6,4,6,6,6,6,4,7,3,7,5,7,3,3,3,3,3,3,4,3,4,3,4,4,3,3,3,3,3,3,3,3,3
7453302,1,46,5,2,1,3,1,8,0,2,2,4,3,6,2,2,2,2,7,5,4,5,6,3,6,3,5,5,2,2,2,4,2,3,2,5,2,5,2,3,4,3
7473697,1,45,26,5,2,4,1,9,0,5,3,3,5,6,5,4,5,4,7,5,5,5,4,5,5,4,2,4,2,3,2,2,3,4,2,4,2,4,3,3,4,4
7629279,0,47,11,3,2,3,3,4,0,5,5,3,4,5,4,7,4,3,5,4,4,4,4,3,3,2,3,4,3,3,3,3,3,4,5,4,3,3,3,3,3,3
7651937,0,44,1,1,2,5,4,1,1,5,5,5,6,4,4,4,4,4,4,4,4,2,2,4,2,2,5,4,4,4,4,4,4,4,3,3,3,3,3,3,3,3
7768055,0,47,14,3,2,4,4,3,1,5,3,5,2,6,2,2,2,6,6,7,6,5,6,5,5,5,2,5,1,6,1,5,1,5,1,5,1,6,2,5,2,5
7777745,1,45,27,5,2,3,1,9,1,5,5,5,7,6,7,6,7,5,7,6,7,4,2,3,1,1,4,2,2,2,2,2,5,2,2,6,4,1,1,1,6,6
7806488,1,47,23,4,2,.,.,8,0,6,5,6,5,5,5,5,4,3,5,5,3,5,5,4,4,4,2,4,2,5,2,3,4,6,3,4,5,4,2,4,4,2
7817659,1,46,27,5,2,4,1,8,1,6,4,6,4,6,4,6,5,4,6,4,4,4,4,4,4,4,3,4,3,4,3,4,3,4,3,4,3,4,3,3,3,3
7822966,0,52,28,5,2,4,4,4,1,3,3,3,4,4,2,4,3,4,4,3,4,2,3,3,3,3,2,2,3,3,3,3,3,3,3,3,3,3,3,2,3,3
7826198,1,46,12,3,2,6,1,8,0,2,5,2,4,6,5,6,4,4,5,5,3,5,5,4,3,4,1,4,1,3,1,2,1,3,1,3,1,4,1,3,1,2
7837073,1,41,15,4,2,.,.,9,1,5,4,4,4,6,5,5,5,4,5,3,5,3,2,2,2,3,2,3,1,2,2,5,4,5,3,4,4,4,4,5,5,2
7839279,1,44,24,4,2,3,1,9,1,4,1,7,4,7,1,4,1,4,7,1,7,3,6,3,6,4,1,6,1,3,1,6,5,5,5,1,1,5,1,1,2,2
7876326,0,42,11,3,2,2,2,5,1,5,2,2,2,4,5,5,5,4,4,5,3,5,5,5,5,5,3,3,2,3,3,4,3,4,3,4,3,4,4,3,3,3
7884393,0,45,29,5,2,6,6,3,0,4,4,3,6,5,5,4,6,4,1,4,3,4,4,4,4,3,2,4,2,3,3,3,3,4,2,3,2,2,2,3,2,2
7907184,1,47,28,5,2,4,1,8,1,5,5,5,4,6,4,4,4,4,5,4,5,4,4,4,4,4,1,4,1,4,1,4,4,5,1,4,6,5,3,3,5,5
7915181,0,57,22,4,2,2,2,5,1,4,5,5,6,6,6,5,4,4,5,4,6,2,3,2,3,2,5,3,4,3,3,3,4,3,4,3,3,3,3,3,3,2
7923823,1,37,41,8,2,3,1,8,1,4,5,5,4,5,4,3,4,3,4,4,4,4,4,4,3,4,4,4,3,4,3,4,4,6,6,3,4,4,3,3,5,5
7931674,1,46,8,3,2,5,2,11,1,5,5,7,5,7,5,7,5,4,7,5,5,4,4,4,4,4,3,4,3,4,3,3,4,4,4,4,3,4,4,3,4,3
8007810,1,47,3,2,2,10,1,8,1,5,4,3,4,6,6,6,4,5,5,4,2,4,3,2,4,2,3,3,2,3,3,2,4,4,3,3,5,4,1,2,4,2
8040938,1,54,47,8,2,4,1,9,1,4,4,5,4,4,5,4,3,5,5,5,5,3,3,3,3,2,2,3,1,2,2,4,3,3,3,3,4,2,2,3,5,3
8056999,0,52,37,7,2,9,6,4,0,7,7,7,7,7,7,7,7,7,7,7,7,3,2,2,2,2,5,4,4,5,6,2,5,2,2,4,3,2,5,1,2,1
8085458,0,49,37,7,2,4,4,6,0,4,4,5,4,4,4,4,4,4,5,4,4,4,4,2,5,4,3,4,3,4,3,4,3,4,3,4,3,3,3,3,4,3
8109598,1,43,4,2,1,1,1,9,0,4,1,4,2,5,4,4,3,4,7,4,5,4,4,3,5,2,1,3,2,2,2,2,2,2,2,1,1,3,1,2,1,1
8119760,1,44,13,3,2,10,10,8,1,2,5,5,5,5,5,5,5,5,5,5,3,5,5,5,5,5,2,3,2,2,2,2,2,2,2,2,2,3,2,2,2,2
8181950,0,43,27,5,2,3,3,4,1,1,1,4,1,6,6,7,5,4,7,6,5,4,4,4,4,4,2,4,1,2,2,1,2,4,4,4,2,2,2,2,2,2
8188074,1,43,4,2,2,.,1,8,1,5,3,7,4,6,5,4,4,5,6,6,4,4,4,2,2,2,3,4,3,3,3,3,3,2,3,4,3,3,3,3,4,2
8206273,0,49,11,3,2,5,4,5,1,4,3,4,4,4,5,4,4,5,4,4,4,4,3,4,3,4,4,4,3,4,4,4,4,4,4,4,4,4,4,3,3,4
8522991,0,48,18,4,2,4,4,5,1,3,4,6,5,5,5,4,4,4,6,5,5,4,4,3,4,4,2,4,2,2,3,3,3,3,3,2,2,4,3,3,3,3
8642233,1,50,40,8,2,5,2,9,0,7,5,6,2,6,1,4,1,2,7,4,4,5,5,6,6,6,1,4,1,4,1,4,5,5,4,4,5,5,1,4,3,4
8644679,0,48,13,3,2,4,4,3,0,2,6,4,6,4,7,2,6,4,6,2,4,4,4,3,2,3,4,5,3,2,4,2,4,4,3,3,4,5,2,3,5,2
8646874,0,49,14,3,2,6,6,3,0,4,4,4,5,4,5,4,4,4,5,5,5,4,4,4,4,4,3,4,3,3,3,3,3,3,3,3,4,4,3,3,4,3
8658487,1,41,27,5,2,4,1,8,1,7,4,6,6,7,6,6,5,6,7,6,6,5,4,5,4,4,2,5,2,4,2,4,4,5,4,3,4,4,3,4,5,3
8664765,0,45,27,5,2,5,4,5,1,5,5,6,6,6,5,4,4,4,6,6,6,4,4,4,3,3,2,2,2,3,2,3,4,4,4,4,4,3,3,3,2,2
8676483,0,57,23,4,2,1,10,12,0,4,4,4,4,4,4,4,4,4,4,4,4,5,5,2,3,2,1,1,1,1,1,1,1,1,1,1,1,1,1,1,1,1
8688428,0,52,27,5,2,6,2,5,0,4,3,5,3,6,6,6,6,4,4,5,5,4,4,5,5,5,1,4,1,4,2,4,4,5,3,4,3,5,4,4,3,4
8698173,0,45,20,4,2,4,3,4,1,5,6,6,5,7,6,6,6,5,5,6,5,3,4,4,4,3,3,3,3,3,3,4,3,4,4,4,4,5,4,4,5,3
8701037,0,48,43,8,2,3,2,5,1,5,5,6,5,4,6,4,3,3,6,6,3,2,2,3,2,2,4,3,4,3,4,3,5,4,4,4,4,3,4,3,5,3
8725602,1,44,37,7,2,7,4,1,0,4,1,5,1,6,5,5,5,5,5,5,3,2,1,3,2,2,2,4,2,2,2,3,6,4,6,3,5,2,2,2,3,3
8754939,1,49,21,4,2,3,1,8,0,3,3,5,5,7,6,2,4,4,5,2,5,3,4,2,5,2,2,5,2,4,2,4,2,5,3,4,4,4,2,2,4,4
8804593,1,50,15,4,2,3,1,9,1,6,6,7,5,6,5,7,5,5,6,5,4,3,2,2,3,2,4,3,4,3,4,3,5,3,4,3,4,3,3,3,4,2
8833281,0,53,35,6,2,4,2,4,1,4,6,4,5,4,5,4,4,5,4,4,4,2,2,2,2,2,4,3,3,3,3,3,4,4,3,3,4,3,3,3,3,3
8873237,1,42,25,5,2,5,1,8,1,5,1,7,4,7,4,6,4,3,7,1,4,3,3,6,5,5,1,6,1,5,1,4,2,6,2,6,3,6,1,4,3,5
8902428,1,46,40,8,2,5,1,8,0,3,3,5,3,3,2,2,3,4,1,2,5,4,5,3,2,3,1,3,1,4,1,2,4,3,1,5,3,3,1,3,3,1
8902460,1,49,42,8,2,4,1,8,0,4,4,5,5,4,4,4,4,4,5,4,4,2,3,2,3,2,2,4,1,4,1,2,4,3,4,3,3,3,2,3,3,3
8951406,1,44,26,5,2,.,.,8,1,5,2,6,5,7,7,7,7,4,7,3,5,2,1,5,2,2,2,5,2,5,4,5,4,6,5,3,5,5,5,5,3,3
8980566,1,54,1,1,2,4,1,8,0,4,4,4,4,5,5,4,4,3,5,3,4,3,3,4,3,3,2,4,2,3,2,4,2,4,3,3,2,2,2,3,4,2
8981718,0,46,13,3,2,6,.,3,0,3,3,4,4,5,5,4,4,4,5,4,5,3,3,4,3,3,4,3,4,3,4,4,4,3,3,3,3,4,3,3,4,3
9001536,1,46,8,3,2,.,.,9,0,5,3,4,3,2,7,6,7,6,6,6,3,2,3,1,2,1,2,2,2,2,2,2,2,2,2,2,2,2,2,2,2,2
9006188,0,47,21,4,2,3,2,5,1,4,6,1,1,7,7,7,1,7,7,7,7,2,4,1,4,3,4,2,3,2,3,2,3,3,2,3,3,3,3,3,3,2
9007880,0,50,28,5,2,3,3,5,1,6,4,7,7,4,7,3,6,6,7,4,7,4,3,3,3,2,3,4,3,2,2,3,4,4,3,3,3,3,2,3,2,2
9036860,0,40,15,4,2,3,3,3,0,5,4,4,4,5,3,4,3,6,2,2,5,3,3,4,3,3,4,4,3,3,4,3,4,4,4,3,3,2,3,3,4,4
9046122,1,46,23,4,2,.,1,9,0,4,5,6,4,7,6,3,4,6,7,4,5,4,2,2,2,2,3,3,1,3,1,3,3,1,4,2,1,4,2,3,2,2
9065702,0,47,13,3,2,3,3,5,1,4,4,5,4,3,3,4,3,4,2,4,6,3,3,3,3,4,2,4,2,4,2,5,4,3,2,4,4,4,2,3,3,3
9100522,1,47,40,8,2,10,1,8,0,4,4,5,5,5,7,5,7,7,7,4,5,2,5,1,3,1,2,2,2,1,2,2,4,1,4,1,4,1,2,2,5,3
9134205,0,44,13,3,2,3,.,3,0,4,1,4,2,5,5,5,4,3,6,3,4,4,4,4,4,3,2,3,2,4,2,3,2,3,3,3,2,3,3,3,3,3
9146188,1,45,26,5,2,4,1,8,0,2,6,2,6,5,6,4,6,5,5,6,5,1,2,2,2,2,3,3,2,2,4,3,5,4,5,2,5,3,4,2,5,3
9164184,0,51,20,4,2,4,3,5,1,4,4,4,4,4,4,4,4,4,4,4,4,4,4,4,3,3,3,4,3,4,3,3,4,4,3,3,3,3,3,3,3,3
9179603,0,47,23,4,2,4,2,5,0,4,4,4,5,3,3,4,4,4,5,4,3,3,4,4,3,3,3,3,3,3,4,4,4,3,3,3,3,4,3,3,4,3
9190746,0,42,23,4,2,3,2,4,1,5,6,6,4,6,6,4,5,7,6,4,6,4,5,4,3,3,2,5,2,4,2,5,4,5,5,5,4,5,5,5,5,5
9212467,1,46,11,3,2,5,1,8,0,5,5,3,3,4,5,6,5,4,5,5,3,5,5,5,3,4,3,4,2,4,3,4,4,4,4,4,4,5,3,4,3,4
9216497,1,38,40,8,2,5,2,5,0,5,3,7,3,7,4,3,5,4,7,5,5,4,3,3,4,2,4,5,2,3,2,4,4,6,5,3,6,4,4,3,5,3
9218784,0,45,24,4,2,4,4,5,1,5,4,5,3,5,5,5,5,3,6,3,6,5,5,5,5,4,2,5,2,4,2,3,3,3,3,3,3,4,3,3,3,3
9247140,1,34,40,8,2,3,3,10,1,2,2,3,3,2,3,3,4,3,3,3,3,4,3,4,4,3,3,4,4,3,4,3,3,4,2,4,3,4,2,3,4,2
9249895,0,45,25,5,2,5,4,1,0,2,4,3,1,4,7,6,2,4,7,6,7,4,4,2,5,2,2,2,2,2,1,1,2,1,2,2,2,2,1,1,4,1
9270236,1,39,14,3,2,4,1,8,1,5,3,5,4,5,4,5,3,4,5,4,4,4,5,4,5,4,3,4,3,4,3,3,3,3,3,3,3,3,3,3,3,3
9322702,1,46,8,3,2,5,1,8,0,3,3,6,5,6,7,3,4,4,7,5,5,5,5,4,3,4,1,5,1,4,3,4,4,4,4,3,3,5,3,2,4,4
9329584,0,36,35,6,2,4,4,5,1,3,5,5,5,6,5,6,6,6,7,5,6,5,4,4,4,5,2,5,2,4,2,3,2,4,3,4,2,4,3,3,2,3
9331283,1,50,13,3,2,3,1,9,0,4,5,4,5,7,6,4,5,6,7,4,5,4,4,3,5,4,2,3,2,4,2,4,2,3,3,3,2,4,2,2,2,2
9342112,0,48,27,5,2,.,.,4,0,4,2,3,3,6,5,6,4,4,6,3,5,6,5,2,4,3,2,3,2,3,2,2,2,4,3,3,2,3,4,4,2,2
9371520,1,42,37,7,2,.,.,3,1,4,5,5,3,6,4,6,4,4,5,5,4,4,4,4,4,2,2,4,2,3,2,2,2,3,2,3,3,4,3,3,3,3
9376185,1,42,26,5,2,6,1,8,0,7,6,5,3,7,4,7,5,2,7,3,1,5,5,2,5,5,1,3,1,5,1,5,3,4,1,4,1,6,5,3,2,4
9376572,1,45,1,1,2,2,1,8,0,4,5,2,5,1,5,4,3,3,2,5,5,3,3,4,3,4,4,4,3,4,3,4,4,3,4,3,3,3,3,3,4,3
9384266,1,44,28,5,2,.,.,8,0,4,4,5,4,6,4,6,4,4,5,7,4,4,4,4,3,4,2,5,2,4,2,3,2,4,3,5,2,5,4,4,2,2
9389141,1,42,22,4,2,.,.,8,0,2,6,4,7,6,7,5,7,4,7,7,6,6,4,6,5,4,3,5,3,5,3,3,5,2,4,3,2,4,4,3,3,3
9397938,1,47,27,5,1,2,2,3,1,3,2,4,2,7,4,5,3,4,6,4,5,5,5,5,2,2,2,4,2,4,3,3,4,4,2,4,3,4,3,3,3,3
11910081,1,45,2,2,2,3,1,8,1,5,6,6,5,7,5,5,5,3,7,5,5,4,4,5,4,4,2,4,2,4,2,4,4,6,4,4,3,4,2,4,2,4
11924400,1,44,1,1,2,3,1,3,0,4,5,6,5,7,6,6,5,5,7,4,5,4,4,2,3,3,1,3,1,2,2,2,5,4,4,3,4,4,2,3,4,3
11949200,1,44,40,8,2,1,1,9,0,4,6,6,5,4,6,6,6,6,6,6,6,4,4,4,4,4,2,5,2,4,4,4,3,4,4,4,4,5,2,5,3,3
12004241,0,55,27,5,2,.,.,4,0,4,3,3,5,5,5,4,4,5,5,6,5,3,2,2,3,3,3,3,3,4,4,4,4,4,3,4,5,4,4,2,4,3
12079063,1,49,38,7,2,3,3,4,0,4,4,4,4,4,6,5,4,4,6,5,4,3,3,2,2,2,2,3,1,3,2,4,4,4,4,4,4,2,2,3,4,1
12106452,0,43,27,5,2,4,4,5,1,1,3,7,1,7,3,4,6,1,7,4,4,5,5,6,6,6,3,5,3,5,5,3,5,5,5,5,3,5,3,5,5,4
12174071,0,54,8,3,2,6,6,1,1,5,6,5,6,6,6,6,6,5,6,6,6,5,4,4,4,4,5,4,4,4,5,5,4,4,4,4,4,4,4,4,4,4
12305938,1,40,13,3,2,6,1,9,1,6,6,5,5,5,5,5,5,5,5,3,5,4,4,4,2,5,2,5,2,4,2,5,5,5,2,3,3,3,2,3,3,3
12318447,1,47,3,2,2,1,1,8,0,5,4,5,5,6,5,4,4,5,5,4,5,2,2,2,2,3,4,3,4,3,4,3,4,3,5,4,4,3,4,3,5,3
12332932,1,43,23,4,1,1,1,12,1,2,5,5,4,6,5,7,4,4,7,5,2,6,6,6,6,2,3,3,2,3,2,3,4,3,2,3,2,4,1,2,1,1
12333204,1,45,25,5,2,10,1,8,0,6,6,7,6,6,6,4,6,4,6,6,6,2,1,1,1,1,2,4,2,4,2,2,2,4,2,3,2,2,2,2,2,2
12373092,1,50,1,1,2,5,1,9,1,4,5,3,2,2,3,2,2,4,2,5,3,3,3,4,3,3,4,3,3,3,3,3,5,4,4,3,3,2,2,2,3,4
12386068,0,45,13,3,2,3,2,6,1,5,1,7,1,6,5,4,1,1,7,4,1,6,5,6,6,6,1,5,1,4,2,5,1,6,3,3,3,6,1,4,5,6
12421922,1,40,40,8,1,2,2,3,1,5,2,2,4,7,3,2,3,5,5,4,4,3,3,3,3,3,3,3,3,3,3,3,5,3,4,4,4,4,4,4,4,4
12437661,1,47,13,3,2,.,.,8,0,5,5,6,6,7,7,6,6,6,7,6,4,4,4,4,1,3,3,4,2,3,3,4,4,4,3,3,4,4,2,2,4,4
12516613,1,46,26,5,2,5,1,8,0,4,3,6,5,5,5,5,4,5,7,4,4,5,5,5,6,3,1,5,1,4,2,3,3,4,2,5,3,5,2,5,2,2
12521069,1,43,40,8,2,3,10,8,0,1,5,6,5,6,6,6,4,3,2,4,5,2,2,4,3,2,6,3,5,2,2,3,5,3,3,2,3,2,2,3,4,1
12566255,0,48,23,4,2,.,.,5,1,5,5,5,5,5,5,5,5,4,6,5,5,3,3,3,2,3,3,3,2,3,2,3,3,3,3,3,3,2,2,2,3,2
12594637,0,42,28,5,2,3,3,4,0,6,4,4,5,4,5,5,4,4,2,4,5,1,4,2,2,1,1,5,3,1,3,3,5,2,3,6,2,2,3,4,3,2
12807970,1,39,27,5,2,3,2,3,0,4,5,5,5,5,5,4,5,4,5,3,5,4,5,4,5,5,3,4,3,3,3,4,4,3,4,3,2,3,3,3,4,3
13006204,1,42,27,5,2,4,1,8,0,3,1,4,3,5,5,6,4,3,6,4,3,3,3,3,3,3,2,4,2,3,3,3,3,4,3,3,5,3,3,3,3,3
13011314,1,51,13,3,2,6,1,8,1,3,5,4,3,5,5,6,5,5,6,5,4,4,3,4,5,4,2,5,2,4,2,5,2,4,2,5,2,4,2,4,4,4
13012222,0,57,12,3,2,5,5,5,1,5,5,4,5,6,5,7,4,3,7,6,5,5,4,4,4,3,3,4,1,2,2,2,3,3,3,3,3,4,2,3,3,4
13052611,1,38,12,3,2,3,1,9,0,1,1,7,1,1,5,3,4,4,7,4,4,3,3,3,3,2,2,4,2,2,2,4,5,3,1,1,4,1,1,1,4,1
13074486,0,55,28,5,2,3,2,5,1,4,4,3,4,3,4,4,5,4,4,4,4,3,3,4,4,3,2,3,3,3,3,2,4,3,3,3,3,4,3,2,3,3
13077032,1,44,27,5,2,3,1,9,0,3,5,4,4,4,6,5,5,4,5,5,5,4,4,2,3,2,3,2,3,2,3,3,5,3,4,3,4,3,3,3,4,2
13122988,1,39,34,6,2,10,1,8,1,5,4,7,2,7,7,5,5,6,7,5,7,2,3,2,5,3,4,2,3,4,3,6,4,6,4,4,4,5,4,2,4,3
13167798,1,47,40,8,2,3,1,9,0,7,7,7,6,7,7,1,7,1,7,7,6,1,3,1,3,2,4,1,4,1,3,1,6,3,6,1,4,2,1,2,6,1
13174750,1,41,24,4,2,6,1,8,0,6,7,2,5,6,7,6,6,6,7,7,6,2,2,1,2,1,3,2,3,2,4,2,4,2,5,2,6,1,3,3,6,4
13222300,0,41,16,4,2,4,3,5,0,5,5,4,5,5,5,3,4,3,7,5,5,4,4,4,3,4,4,4,4,3,3,3,4,4,2,4,3,4,1,4,3,2
13255355,1,53,27,5,2,.,.,9,0,3,3,4,3,5,5,5,4,5,6,4,5,2,3,2,2,2,3,3,2,3,3,3,4,3,2,2,4,2,3,2,2,1
13295295,1,38,14,3,2,3,1,9,1,4,6,4,7,1,2,7,7,7,7,7,7,3,4,4,2,2,6,1,6,1,6,1,6,1,6,1,1,5,6,2,4,3
13328408,1,50,28,5,2,6,1,9,1,3,3,5,3,6,5,6,5,2,6,5,4,5,5,5,2,5,2,5,2,4,2,4,2,4,2,4,2,5,2,4,3,4
13573458,1,47,27,5,1,1,1,11,1,4,5,3,5,6,7,4,5,3,7,6,7,4,4,4,4,4,2,4,2,4,3,3,4,4,4,4,3,4,2,3,3,3
13638716,1,42,13,3,2,4,1,8,1,6,4,7,5,7,6,7,4,3,7,6,7,3,3,4,3,3,3,3,3,4,3,4,3,4,3,3,4,3,4,3,4,1
13657220,1,42,20,4,2,10,2,7,0,4,3,4,2,7,4,4,4,4,6,4,4,3,3,5,3,3,2,4,1,3,3,5,5,6,2,3,5,5,1,2,3,3
13658198,0,52,27,5,2,5,5,4,0,3,5,5,6,5,7,4,7,2,7,3,7,2,2,2,2,3,5,2,5,5,5,3,5,3,5,2,5,2,5,2,5,2
13800073,0,44,24,4,2,.,.,4,0,5,4,6,4,6,4,6,5,3,6,4,4,4,3,3,2,4,2,3,2,3,3,3,3,4,4,4,4,4,3,3,3,3
13845703,1,45,29,5,2,2,1,9,1,6,6,4,6,4,4,5,6,4,6,5,4,5,5,4,5,5,4,5,4,3,5,5,5,4,4,4,5,5,4,4,3,3
13894303,1,47,22,4,2,3,1,12,0,5,6,6,7,6,7,7,7,7,7,5,7,4,4,3,4,3,3,3,3,2,2,2,3,2,2,2,3,3,2,2,4,2
13902200,0,51,28,5,2,1,1,6,1,2,5,5,5,6,5,6,6,7,6,4,6,3,4,4,4,3,3,3,3,3,3,3,4,4,3,4,5,5,4,3,3,4
13940761,1,42,13,3,2,.,.,3,1,4,2,2,5,3,1,1,1,1,2,1,3,4,4,4,4,4,2,5,2,4,2,4,3,4,2,4,2,4,2,2,3,3
13959395,1,44,23,4,2,3,1,9,1,4,3,7,2,5,2,6,4,4,7,4,5,5,6,5,4,3,1,5,1,4,2,4,3,5,2,4,2,4,1,4,2,2
13971470,1,45,24,4,2,3,1,9,0,4,6,3,4,4,5,5,3,3,7,5,5,4,4,3,4,3,2,3,1,4,2,5,2,3,2,4,3,3,2,3,4,3
14028882,0,48,26,5,2,5,4,3,1,5,4,6,3,6,5,6,4,3,6,5,3,2,3,2,3,4,1,5,1,2,3,4,3,3,4,3,4,3,2,3,5,2
14081903,1,44,10,3,2,4,1,9,1,5,4,5,6,5,6,6,4,6,5,5,5,4,4,4,4,4,3,5,4,3,5,4,4,4,4,4,3,4,3,3,4,3
14173503,1,39,1,1,2,10,2,5,0,3,4,6,3,4,5,5,4,3,6,5,4,2,2,2,1,1,3,3,2,2,2,1,3,4,3,2,2,3,1,3,2,1
14173606,0,46,27,5,2,5,5,4,0,4,5,3,3,5,5,4,5,5,5,4,3,2,2,2,2,2,2,2,2,2,2,2,2,2,2,2,2,2,2,2,2,2
14217236,0,44,27,5,2,3,3,4,0,2,1,5,2,6,3,6,2,4,7,3,2,5,5,5,5,5,1,5,1,5,1,4,3,6,3,4,2,5,1,4,1,3
14235563,1,53,24,4,2,3,2,4,1,6,4,7,5,7,4,6,4,2,5,6,6,1,1,1,1,1,2,3,2,3,1,4,4,1,5,2,1,2,1,1,5,2
14294310,1,48,34,6,2,.,.,8,1,1,4,4,4,4,6,7,5,6,6,6,5,2,2,2,2,1,2,2,2,1,3,2,4,3,4,2,2,2,2,2,4,1
14339619,0,48,33,6,2,3,3,4,1,4,3,7,7,7,6,7,6,2,7,7,5,4,4,5,3,4,4,4,2,4,2,5,5,5,6,3,6,4,5,3,5,3
14375044,1,46,26,5,2,3,1,9,1,5,6,6,5,7,5,5,4,4,7,7,5,3,4,4,4,3,2,4,2,4,3,4,3,4,3,4,3,3,3,3,3,3
14406866,0,55,43,8,2,4,2,5,1,3,6,7,6,7,6,6,5,5,7,7,7,3,4,4,2,2,3,4,3,3,4,2,5,4,4,3,2,3,2,2,3,3
14559149,1,39,23,4,2,4,2,5,0,6,6,3,3,5,6,3,3,6,6,2,3,2,2,2,2,2,2,2,2,2,2,4,2,2,4,2,2,2,2,2,5,2
14609312,1,45,12,3,2,.,.,9,1,5,6,4,5,7,5,6,6,6,7,4,5,4,3,5,5,4,2,3,2,3,2,3,2,3,2,4,2,4,2,2,2,2
14618121,1,44,8,3,2,2,1,9,0,7,4,4,4,7,4,4,1,4,4,4,7,1,1,1,1,1,1,1,1,1,1,1,1,1,1,1,1,1,1,1,1,1
14650272,1,36,8,3,2,3,1,9,0,5,5,4,6,5,6,4,6,5,6,6,6,3,4,3,4,4,3,4,3,4,4,4,4,4,4,4,4,4,3,3,4,4
14739586,1,55,28,5,2,3,1,8,0,4,6,4,6,5,3,5,3,7,7,7,3,2,2,3,3,3,5,3,5,3,5,3,6,3,5,3,6,4,1,4,5,2
14996578,1,43,40,8,2,.,.,8,1,4,4,4,3,7,6,7,5,3,7,3,7,2,2,2,2,2,1,4,1,3,1,1,4,4,3,3,3,3,3,3,3,3
14996857,0,44,23,4,2,4,4,4,1,5,4,6,5,7,4,4,4,2,6,4,6,4,3,4,3,3,3,4,3,3,3,3,4,3,3,3,3,3,3,3,3,3
15013849,1,54,4,2,2,3,1,8,0,2,3,3,3,5,4,4,4,5,5,3,3,2,2,5,3,3,2,3,2,4,3,3,5,5,5,4,3,2,3,4,3,2
15153869,1,45,28,5,2,3,1,11,1,2,4,6,5,6,7,7,7,6,7,5,7,3,4,2,3,2,3,3,2,2,2,4,3,2,2,4,2,2,1,1,2,1
15160112,1,46,11,3,1,2,2,8,0,4,2,4,1,5,3,7,4,4,7,4,6,4,4,5,3,4,1,5,1,4,2,4,5,5,3,3,3,6,2,2,2,5
15191760,0,49,8,3,2,5,4,1,0,3,4,6,6,6,7,3,5,2,7,3,4,4,4,4,4,3,1,5,1,1,1,3,1,4,3,2,2,5,3,2,4,5
15203937,1,45,43,8,2,4,1,9,0,5,1,7,2,5,5,4,5,4,7,2,4,6,6,4,6,5,1,5,1,4,1,4,1,3,1,3,1,6,1,3,1,1
15217355,0,48,9,3,2,.,.,4,0,4,4,5,6,7,4,4,4,4,6,4,6,2,2,3,3,2,3,4,3,3,4,3,5,3,2,3,4,3,4,3,3,5
15230933,0,44,35,6,2,3,3,1,1,4,5,5,5,4,4,5,5,5,3,4,4,5,5,5,5,5,1,5,1,5,1,4,3,5,4,3,3,5,2,3,2,5
15337324,1,49,34,6,2,3,1,8,1,6,4,6,6,7,6,7,6,6,7,4,6,5,5,5,5,6,3,5,3,5,3,4,3,5,3,3,2,4,3,4,3,4
15379299,1,42,28,5,2,4,1,11,0,4,5,3,1,7,6,3,6,6,7,7,2,6,6,6,6,5,1,5,1,6,1,5,3,5,2,4,3,5,1,3,3,4
15379427,0,46,28,5,2,5,3,4,1,4,2,1,6,2,5,3,5,2,1,5,6,3,3,4,3,3,3,3,3,3,3,2,5,5,4,4,5,3,4,4,4,3
15395594,0,46,12,3,2,5,4,1,0,6,4,7,5,7,2,7,2,2,7,3,2,5,4,3,2,3,1,5,1,3,1,5,2,4,1,3,1,4,1,5,1,3
15404726,1,39,40,8,2,.,.,5,1,1,1,1,1,1,1,1,1,1,1,1,1,6,6,6,6,6,4,2,4,1,1,1,6,3,6,1,4,3,4,6,6,2
15415546,1,38,13,3,2,3,1,8,0,4,4,2,4,3,3,3,2,5,2,5,2,2,2,4,3,2,4,2,3,2,4,4,3,3,2,2,3,3,2,2,4,2
15492712,1,40,27,5,2,1,1,8,0,2,5,6,5,7,5,6,4,5,7,7,3,5,6,4,2,4,1,4,1,3,6,4,4,3,5,5,1,6,2,3,1,1
15506867,0,48,1,1,2,6,6,3,0,5,3,3,4,7,5,5,3,3,6,3,3,3,3,4,1,2,2,4,1,4,1,5,4,4,2,4,2,4,1,4,2,4
15513494,1,40,12,3,2,.,.,8,1,6,6,7,7,5,6,6,7,5,5,6,7,1,1,2,2,1,2,3,2,2,2,4,5,3,4,4,5,4,4,3,5,3
15552750,0,53,22,4,2,4,3,6,0,6,5,4,3,5,4,4,5,5,5,4,5,4,2,2,2,3,4,4,3,4,3,4,3,4,4,4,4,3,3,3,3,4
15564498,1,35,44,8,2,2,1,9,1,6,3,5,3,7,5,4,5,3,7,2,3,4,4,5,3,4,2,4,1,5,3,4,3,6,5,4,6,5,3,3,5,5
15611819,0,40,23,4,2,.,.,3,0,2,5,2,4,2,5,3,3,3,6,5,5,2,2,3,2,3,2,4,2,4,3,3,3,3,3,3,4,3,2,2,5,3
15624952,0,48,1,1,2,3,2,6,1,4,4,4,4,6,6,6,6,4,6,4,5,5,5,5,4,5,3,4,3,3,3,3,3,4,4,3,3,4,3,3,3,3
15685793,1,46,37,7,2,2,1,8,0,5,5,6,7,5,6,4,6,7,6,7,5,4,4,3,4,4,3,3,2,4,3,3,3,3,3,2,3,3,3,3,4,3
15692269,0,40,22,4,2,.,.,5,0,4,6,5,2,7,5,3,3,5,6,6,5,3,4,5,5,3,3,4,2,4,3,3,3,5,3,3,3,5,3,3,4,4
15733827,0,44,2,2,2,4,3,1,1,5,5,7,5,7,5,4,4,4,7,4,4,4,3,4,2,3,3,4,2,4,3,4,4,4,4,4,4,3,2,3,4,3
15769434,1,52,12,3,2,5,1,8,0,4,2,3,3,3,3,3,3,3,3,3,3,5,5,5,5,5,2,4,1,4,1,3,5,5,5,5,5,5,2,2,4,4
15831489,1,44,1,1,2,.,.,8,1,4,6,6,4,7,4,5,5,4,6,4,4,4,4,3,4,4,2,5,2,3,2,4,3,5,3,4,4,4,3,4,3,5
15832063,1,45,34,6,1,.,.,8,1,7,4,7,1,7,7,7,7,4,7,4,7,5,4,4,3,2,2,4,2,4,2,3,5,3,3,4,3,5,3,4,2,3
15845194,1,41,17,4,2,2,1,8,0,4,4,5,4,6,3,5,4,3,6,4,3,6,6,5,6,4,2,3,2,4,2,4,4,5,4,3,4,4,2,3,3,2
15894448,1,46,28,5,2,.,.,12,1,5,5,5,4,5,5,6,4,5,5,5,6,4,4,4,4,4,3,4,3,3,3,4,4,4,3,4,3,4,3,3,4,4
15929373,0,46,14,3,2,.,.,5,0,4,4,4,4,5,5,5,5,5,5,5,5,3,3,3,3,3,3,4,3,4,4,3,4,4,4,3,3,4,3,3,3,3
15945471,0,44,1,1,2,.,.,3,1,4,3,5,3,2,3,2,3,5,1,5,2,4,4,4,3,2,3,4,3,2,2,2,3,4,2,2,2,4,3,3,2,3
15945888,1,47,22,4,2,10,1,9,1,4,4,3,5,4,4,4,4,4,4,4,4,3,3,2,3,3,2,3,3,2,2,2,2,2,2,2,2,2,2,2,2,2
15989859,1,42,24,4,2,3,1,9,1,6,6,4,3,4,6,5,5,7,6,6,4,4,4,2,4,2,5,2,4,2,3,2,3,4,3,3,4,4,3,2,3,2
16006292,0,54,23,4,2,6,5,3,1,4,2,5,4,6,4,2,4,2,6,4,5,3,3,2,2,2,2,3,2,4,3,3,3,5,4,4,2,4,4,3,5,4
16011573,1,49,10,3,2,3,1,9,1,3,5,2,6,4,7,3,5,5,7,5,4,4,3,4,2,2,3,5,3,4,3,5,2,4,4,4,4,4,3,3,4,4
16012616,0,36,23,4,2,.,.,4,0,4,4,1,4,4,7,7,4,4,7,7,4,5,5,4,5,4,3,4,3,4,3,4,4,4,3,4,3,4,4,4,4,4
16109765,0,50,27,5,2,2,2,6,0,4,5,6,4,6,4,5,4,4,7,4,6,2,2,2,4,2,2,4,2,2,2,2,2,2,1,3,1,2,1,1,2,2
16144209,0,51,25,5,2,.,.,6,0,4,6,6,4,4,5,3,4,4,6,5,5,2,2,2,2,2,2,4,2,3,2,2,3,3,3,3,3,4,3,3,3,3
16156447,1,37,23,4,2,10,2,11,1,3,2,4,4,1,2,4,4,4,3,3,1,4,3,5,2,5,4,1,1,1,1,3,1,2,1,1,1,1,3,2,2,6
16174606,1,43,40,8,2,3,1,8,0,5,5,4,6,7,4,4,2,4,6,7,5,6,6,6,6,6,1,6,1,6,1,6,1,6,1,6,1,6,1,6,1,3
16195075,0,41,23,4,2,3,3,4,1,3,5,7,6,4,7,7,7,6,7,7,5,4,4,3,3,3,3,2,2,2,2,1,4,2,4,2,3,2,1,2,4,2
16200603,1,53,12,3,2,4,1,9,1,2,6,4,7,7,4,6,5,3,6,4,5,4,4,2,2,3,3,3,2,3,2,1,3,2,1,3,1,3,1,3,3,2
16206372,0,54,38,7,2,3,3,4,1,2,3,6,6,6,6,7,6,6,6,3,5,4,3,2,2,3,1,5,1,5,1,3,4,3,2,4,5,5,2,2,2,2
16222505,1,36,47,8,1,.,.,11,0,2,2,5,2,6,7,2,6,4,6,3,6,2,2,2,2,2,2,2,2,2,2,2,2,2,2,2,2,2,2,2,4,2
16241240,0,56,29,5,1,3,3,6,0,6,4,5,4,7,5,3,5,2,7,3,4,2,2,3,5,2,1,4,1,3,2,3,5,4,4,2,4,4,3,3,4,1
16267337,1,46,25,5,2,3,1,8,1,4,1,7,7,7,4,7,7,4,7,7,7,6,6,4,5,2,1,4,1,5,1,3,2,3,1,3,2,4,1,3,1,1
16267340,1,36,23,4,2,4,2,4,0,5,6,5,7,6,5,4,3,5,5,3,5,4,3,4,2,2,5,4,4,2,4,5,2,6,4,1,1,1,1,1,4,3
16267572,1,45,25,5,2,3,1,9,0,4,5,6,4,6,6,6,5,6,6,5,6,2,2,5,4,4,4,3,4,3,5,4,5,5,6,3,5,3,2,2,4,2
16335435,0,41,44,8,2,3,2,4,0,2,4,2,6,1,4,4,5,5,2,4,4,5,5,5,5,3,1,3,1,5,1,4,3,6,3,3,3,5,3,3,3,2
16335993,0,46,23,4,2,5,5,4,0,3,5,5,6,5,6,5,6,6,6,5,7,3,3,2,4,2,3,2,2,2,2,3,3,2,2,3,2,4,2,3,2,3
16341636,0,38,15,4,2,.,3,4,1,4,4,5,5,2,3,4,3,4,1,4,4,4,4,2,4,3,3,3,2,3,2,3,2,4,4,4,4,4,2,2,3,3
16342283,1,32,5,2,2,2,1,8,0,1,1,6,7,5,7,5,7,6,6,3,7,3,3,4,2,5,2,5,2,2,5,3,6,4,5,2,6,2,2,4,6,2
16429969,1,38,20,4,2,2,1,8,0,4,5,5,3,7,5,6,2,2,5,2,1,4,5,3,2,5,1,4,1,3,3,3,1,4,4,4,4,6,2,2,3,5
16430310,1,49,26,5,1,10,10,9,0,2,2,5,3,5,6,3,4,6,6,5,2,4,4,3,2,2,2,3,3,4,4,5,3,3,4,2,4,3,3,2,5,5
16439257,1,50,29,5,2,10,10,8,0,5,5,6,4,7,5,7,4,4,7,5,5,5,5,5,5,5,1,5,1,3,1,1,3,5,4,4,1,3,2,2,2,2
16464142,1,43,27,5,2,.,.,3,0,7,3,6,2,7,6,7,3,3,7,6,7,5,5,4,5,5,1,5,1,4,1,1,1,5,1,1,1,5,1,1,1,1
16465098,1,42,28,5,2,10,1,8,0,6,3,4,3,6,6,6,5,6,6,3,5,3,1,2,2,3,1,3,1,4,1,5,4,4,4,2,4,2,2,2,4,2
16492017,1,52,34,6,2,6,2,5,0,3,1,5,3,7,7,5,4,2,6,4,2,5,5,5,4,6,2,5,2,5,2,4,4,5,2,4,2,5,2,2,5,5
16493279,0,42,28,5,2,.,.,5,1,5,5,6,7,7,6,4,6,5,7,7,7,4,4,3,1,4,5,4,3,4,3,5,5,4,5,4,6,5,3,3,6,3
16493389,0,45,29,5,2,2,2,5,0,4,1,7,4,7,7,1,1,1,7,4,4,4,2,2,2,5,1,4,1,1,1,4,1,2,1,5,1,6,3,1,1,1
16508074,1,56,12,3,2,.,.,8,1,5,6,6,2,7,7,4,5,6,7,6,6,5,6,6,4,5,1,5,1,5,5,6,4,3,1,2,1,5,4,1,1,6
16509080,1,42,15,4,2,4,1,9,0,1,1,2,1,1,1,1,1,1,1,7,2,6,6,6,6,6,3,3,3,3,4,3,4,2,4,3,4,2,4,3,3,4
16513506,0,48,34,6,2,3,2,5,0,4,4,4,1,7,7,7,4,4,7,7,7,5,5,6,2,5,1,5,1,4,1,5,1,3,3,3,3,3,3,3,3,3
16513779,0,40,23,4,2,3,3,4,1,4,4,5,5,7,6,4,3,4,6,3,5,2,2,3,2,2,4,3,4,4,3,3,3,5,6,4,5,3,2,4,5,4
16518102,1,43,11,3,2,4,1,9,1,7,6,7,5,7,6,7,4,2,7,4,3,2,3,4,5,3,2,4,2,4,4,4,5,5,5,5,5,5,2,3,4,2
16525926,1,43,27,5,2,.,.,5,1,6,2,5,1,5,3,3,3,2,7,2,2,3,2,5,1,5,2,5,2,5,2,5,4,5,5,2,2,5,1,5,3,3
16541830,1,46,13,3,2,5,2,9,0,4,7,4,5,5,5,6,6,6,6,6,4,2,2,3,2,2,2,4,3,4,3,3,2,4,3,3,3,4,2,4,4,3
16559397,1,47,13,3,2,3,1,9,1,5,7,5,2,7,6,7,3,2,7,5,6,5,3,4,6,4,3,5,3,2,5,2,4,4,2,2,2,5,2,5,5,6
16569129,0,48,42,8,2,5,4,4,1,5,7,7,5,7,7,6,6,4,6,6,6,5,5,4,4,4,3,4,2,4,2,4,4,4,3,4,3,4,3,4,3,3
16572415,1,41,2,2,2,1,1,9,1,3,1,4,2,2,4,3,4,5,4,4,5,4,4,4,3,3,2,3,1,3,3,3,3,5,5,4,4,3,3,4,4,4
16601884,1,44,43,8,2,3,1,8,0,6,1,1,1,7,6,6,6,2,7,4,4,6,6,6,6,6,1,5,1,1,1,1,1,4,1,1,1,5,1,1,1,1
16605676,1,40,28,5,2,3,1,9,1,3,5,4,6,6,6,6,6,4,6,6,6,4,4,3,4,3,4,4,4,3,4,3,3,3,4,3,4,4,3,3,4,3
16625273,1,43,10,3,2,.,.,5,0,3,1,6,4,7,6,6,6,5,6,6,6,3,2,3,3,4,4,3,5,3,4,3,6,4,6,3,5,3,3,3,4,4
